UniProt ID,Mutation,Before_dipeptide,After_dipeptide,Class
Q5JS54,L112P,,,Driver
O14715,P1760A,NP,PS,Driver
Q6NW40,L206F,,,Driver
P40306,R58G,TR,RA,Driver
Q5VXH4,C166Y,TC,CL,Driver
A6NI47,L379S,DL,LK,Driver
A6NI47,V308A,TV,VL,Driver
A7E2S9,T247M,DT,TA,Driver
A7E2S9,S230C,TS,SE,Driver
Q6ZN79,R186H,FR,RL,Driver
Q6ZN79,T126A,CT,TH,Driver
O15527,D175N,DD,DV,Driver
O15527,R277H,QR,RD,Driver
A6NK75,K525N,GK,KA,Driver
Q8WXB4,F356L,YF,FS,Driver
Q8NHH1,A361T,,,Driver
Q8NHH1,Q295L,,,Driver
Q96BQ3,K239N,HK,KP,Driver
Q8WV44,V260M,SV,VV,Driver
Q96HH6,G229S,LG,GG,Driver
Q66K14,R408K,SR,RK,Driver
P08247,V222M,FV,VF,Driver
Q0VAQ4,M1I,,,Driver
Q8WUX1,T310N,AT,TF,Driver
Q13621,V810M,GV,VV,Driver
Q96KG9,R484W,SR,RV,Driver
Q7L099,V285E,KV,VD,Driver
O15315,K243R,LK,KY,Driver
A5LHX3,A128T,SA,AA,Driver
P54646,L207F,AL,LL,Driver
Q6DJT9,M361I,LM,ME,Driver
Q9UN70,V345M,DV,VN,Driver
Q96R45,V18I,PV,VG,Driver
Q8NH92,L206M,TL,LI,Driver
Q9Y2I2,P85L,NP,PY,Driver
Q9Y2I2,K128R,PK,KP,Driver
Q96L34,R265Q,LR,RE,Driver
P45984,V91M,NV,VF,Driver
P45984,G35R,SG,GA,Driver
O15264,A66T,FA,AK,Driver
Q9BX40,R23H,IR,RY,Driver
Q701N2,C31R,GC,CG,Driver
Q701N2,Y182C,PY,YC,Driver
Q701N2,R17L,GR,RG,Driver
Q9NZN1,L584V,EL,LQ,Driver
Q16666,P492Q,TP,PS,Driver
P28068,H245Y,GH,HS,Driver
Q96JK4,A137V,WA,AL,Driver
Q8WUP2,E164K,EE,EE,Driver
Q92731,G352D,PG,GK,Driver
Q92731,S112L,RS,SL,Driver
Q92731,I316N,KI,IP,Driver
Q92838,R289C,PR,RS,Driver
P08174,C65S,KC,CE,Driver
P08174,P218S,LP,PE,Driver
P16671,D244N,CD,DM,Driver
P16671,G232S,KG,GK,Driver
P16671,A120T,GA,AI,Driver
O60826,R66H,FR,RL,Driver
Q92851,R450Q,FR,RH,Driver
Q92851,S366T,YS,SS,Driver
P01258,E46K,DE,EA,Driver
Q8NE28,V267L,DV,VE,Driver
Q8WWM7,L294V,EL,LR,Driver
Q8WWM7,R407P,SR,RM,Driver
Q8WWM7,A889V,HA,AA,Driver
Q8WWM7,T973S,IT,TA,Driver
Q9NVJ2,D97G,ID,DA,Driver
Q9C0C7,C115F,GC,CL,Driver
Q9H171,P103S,GP,PQ,Driver
Q9H171,K53Q,MK,KK,Driver
O43516,P332S,TP,PR,Driver
Q9Y2K6,A791V,LA,AK,Driver
Q9Y2K6,V832I,FV,VK,Driver
Q9Y2K6,Q110H,EQ,QD,Driver
Q9NZC2,T96M,IT,TL,Driver
Q96J77,R56C,RR,RC,Driver
Q9BYE2,A59T,QA,AS,Driver
O43435,G109C,AG,GV,Driver
O15400,R92C,DR,RL,Driver
O43556,E253V,ME,EP,Driver
P36952,T128M,ET,TK,Driver
Q9GZR1,L318F,NL,LK,Driver
Q6K0P9,G61S,AG,GL,Driver
Q6K0P9,C119F,AC,CT,Driver
O75688,V187M,SV,VM,Driver
O75688,R86G,FR,RA,Driver
Q9UKF7,R35Q,DR,RG,Driver
Q9Y5H7,A674V,QA,AP,Driver
Q9Y5H7,A455T,FA,AQ,Driver
Q9Y5H7,R594H,VR,RA,Driver
Q9Y5H7,R12W,SR,RL,Driver
Q9Y5H7,R249I,VR,RL,Driver
A6NDY0,G228R,PG,GI,Driver
P00973,R130H,PR,RA,Driver
Q96CW9,R253C,LR,RM,Driver
Q96CW9,T33P,PT,TW,Driver
Q63ZY6,Q163P,,,Driver
Q9H9Q4,V54A,VV,VS,Driver
Q8TDD5,V141I,SV,VG,Driver
Q8TDD5,V216M,TV,VE,Driver
Q8TDD5,I354T,II,IG,Driver
Q6JVE6,V11L,LV,VL,Driver
P13473,G121V,TG,GD,Driver
A0MZ66,V49I,AV,VK,Driver
A0MZ66,E289D,KE,EL,Driver
A0MZ66,K406M,LK,KR,Driver
A0MZ66,E443A,CE,ES,Driver
Q4ADV7,D894N,,,Driver
Q8IV33,E285A,TE,EE,Driver
Q8IV33,D70A,TD,DC,Driver
Q96T55,Q48H,FQ,QL,Driver
Q96PR1,A196V,AA,AG,Driver
Q96PR1,A67V,RA,AP,Driver
Q96PR1,T584M,YT,TC,Driver
Q96PR1,E404K,AE,ER,Driver
P05556,I293V,GI,IV,Driver
P05556,E347D,KE,EL,Driver
P13232,S44N,VS,SI,Driver
O43613,R37H,WR,RD,Driver
Q3T8J9,K1121N,SK,KR,Driver
Q3T8J9,Q283P,KQ,QH,Driver
Q3T8J9,T315M,ET,TE,Driver
Q08378,G381R,NG,GE,Driver
Q08378,S690L,DS,SA,Driver
Q08378,S429N,AS,SQ,Driver
Q08378,E119G,KE,EA,Driver
Q08378,D521V,ED,DM,Driver
Q9NTQ9,V161M,RV,VV,Driver
Q06547,S219Y,NS,SS,Driver
Q92915,T229M,ST,TS,Driver
Q92915,T224M,VT,TP,Driver
Q96ME1,I336M,VI,IN,Driver
Q96ME1,R639P,AR,RC,Driver
P78312,N336D,EN,NM,Driver
Q9C0I3,D515G,LD,DE,Driver
Q9C0I3,M555V,PM,ME,Driver
Q9C0I3,Q243L,LQ,QS,Driver
Q9C0I3,T582K,LT,TK,Driver
Q5VST6,I189T,VI,IL,Driver
Q9BSW2,L167P,RL,LG,Driver
Q9BY08,A78S,IA,AS,Driver
Q13561,D18N,PD,DV,Driver
Q13561,E385K,,,Driver
P11182,R21H,VR,RY,Driver
Q5JRM2,F213L,LF,FK,Driver
P78310,I277T,DI,IR,Driver
Q14247,E71K,KE,EK,Driver
Q14247,V238M,GV,VQ,Driver
P49674,S368L,IS,SR,Driver
P49674,G415R,LG,GK,Driver
P49674,A73G,GA,AE,Driver
P34972,A244G,LA,AK,Driver
Q5JTW2,L25V,AL,LQ,Driver
Q5JTW2,D48E,AD,DR,Driver
Q6ZTQ4,P599L,SP,PR,Driver
Q6ZTQ4,R603C,FR,RY,Driver
Q9BZW8,L90F,NL,LS,Driver
A6NFR6,D22H,LD,DS,Driver
Q8N6V4,V34L,AV,VL,Driver
O00481,S213N,GS,SS,Driver
Q86UU0,P307L,LP,PP,Driver
Q86UU0,P19L,AP,PG,Driver
Q86UU0,D862E,QD,DM,Driver
Q9Y2C3,I239M,YI,IK,Driver
P58335,C279F,LC,CP,Driver
P58335,L146V,AL,LT,Driver
Q53TS8,R181Q,KR,RN,Driver
Q53TS8,T60M,TT,TA,Driver
Q8TED9,R232H,KR,RF,Driver
O75077,V750L,GV,VC,Driver
Q15695,S155G,NS,ST,Driver
Q6X784,T79M,KT,TL,Driver
A6NHJ4,H464R,FH,HH,Driver
A6NHJ4,E113Q,FE,EF,Driver
A6NHJ4,S425A,RS,SY,Driver
A6NHJ4,C232S,QC,CN,Driver
Q6ZN19,R351H,,,Driver
Q6ZN19,R775H,,,Driver
Q6ZNA1,T406I,QT,TV,Driver
Q0VGE8,R332H,HR,RR,Driver
Q9Y6R6,K347N,TK,KL,Driver
A8MTY0,H276R,IH,HT,Driver
A6NP11,S393L,PS,ST,Driver
P0CI00,P284H,PP,PA,Driver
Q9BU19,H353Q,QH,HI,Driver
Q96CK0,G316S,PG,GS,Driver
Q96LX8,G12V,QG,GP,Driver
Q9NXT0,E259G,GE,ER,Driver
Q8TF50,P560L,AP,PR,Driver
Q8TF50,R597G,AR,RA,Driver
Q9C0D4,V479I,SV,VA,Driver
Q9C0D4,S881Y,LS,SR,Driver
Q9Y4E5,D709G,ED,DD,Driver
Q9Y4E5,I46T,YI,ID,Driver
Q9Y4E5,T761A,AT,TA,Driver
Q9H8N7,D252N,TD,DH,Driver
P17032,H433Q,TH,HT,Driver
P17032,G16D,VG,GF,Driver
P17032,C385R,EC,CY,Driver
P17032,I490T,HI,IR,Driver
Q5T0B9,K177N,IK,KT,Driver
Q5T0B9,S169N,TS,SP,Driver
P0CG31,T490S,HT,TG,Driver
Q8NDW4,V36A,DV,VI,Driver
O14709,F1013L,EF,FS,Driver
P49910,R64G,PR,RE,Driver
P49910,S60P,DS,SP,Driver
P52742,T178M,,,Driver
P52742,T154M,KT,TP,Driver
P52742,I455S,,,Driver
P52742,I431S,RI,IH,Driver
P52739,A109P,AA,AE,Driver
Q969J2,I503T,LI,IE,Driver
Q9NTW7,A61V,SA,AA,Driver
Q9NTW7,V280M,PV,VI,Driver
Q9NTW7,M435K,,,Driver
Q8WV99,T158A,ST,TS,Driver
Q9ULC8,P89L,AP,PL,Driver
Q9NPG8,R300H,QR,RC,Driver
Q9NQZ6,K102R,YK,KP,Driver
Q8NAP8,D123N,LD,DI,Driver
Q5TC79,R232W,GR,RS,Driver
P24278,C351Y,SC,CT,Driver
Q9Y2K1,R590W,QR,RC,Driver
O96006,L291P,CL,LG,Driver
O96006,T83M,NT,TE,Driver
Q6P2D8,M482T,DM,ML,Driver
P13010,S335L,KS,SE,Driver
Q96QU8,Q637H,AQ,QY,Driver
Q6GPH4,N10K,RN,NC,Driver
Q2TBF2,R13C,FR,RR,Driver
Q2TBF2,D196N,CD,DM,Driver
Q2TBF2,R166W,ER,RG,Driver
Q2TBF2,L169M,YL,LY,Driver
Q2TBF2,A59T,PA,AE,Driver
O95785,P24L,GP,PA,Driver
O95389,E141G,,,Driver
Q9Y5W5,F236L,GF,FY,Driver
Q8TEU8,P382L,GP,PL,Driver
Q8IUB5,V88A,EV,VI,Driver
Q6ZMY6,F341L,GF,FD,Driver
Q86TI4,L201V,VL,LD,Driver
Q86TI4,H206Y,GH,HT,Driver
Q86TI4,R117W,DR,RT,Driver
Q6RFH5,R181Q,LR,RV,Driver
B1ANS9,R1052H,QR,RE,Driver
B1ANS9,R417H,,,Driver
B1ANS9,R605H,,,Driver
B1ANS9,R864H,WR,RA,Driver
Q8TAF3,C342S,DC,CT,Driver
O15213,R273C,IR,RR,Driver
Q9Y484,R59C,HR,RS,Driver
Q9Y484,A24T,CA,AM,Driver
Q5JSH3,R449C,ER,RA,Driver
Q5JSH3,R235H,AR,RP,Driver
Q9H7D7,D52N,GD,DL,Driver
Q6UX27,A3T,TA,AE,Driver
Q86Y07,E361K,IE,EK,Driver
Q8N3P4,R1268C,RR,RQ,Driver
Q8N3P4,R345Q,GR,RM,Driver
Q8N3P4,G948R,PG,GH,Driver
Q8N3P4,P60A,IP,PQ,Driver
Q8N3P4,T414R,RT,TV,Driver
P12018,R38C,IR,RL,Driver
Q9H321,K34N,KK,KT,Driver
O95183,R8Q,ER,RC,Driver
Q70EL1,N192S,CN,NQ,Driver
Q70EL1,T187N,ST,TT,Driver
Q70CQ1,R359H,CR,RE,Driver
Q70CQ1,S122L,AS,SG,Driver
Q70CQ1,K353N,SK,KH,Driver
Q9UHP3,R526W,SR,RI,Driver
Q9UHP3,S155P,DS,SR,Driver
O94966,D19N,ED,DT,Driver
O60287,M312L,LM,MD,Driver
O60287,S317L,CS,SL,Driver
P31930,E206G,SE,EN,Driver
Q96BW1,G70S,CG,GG,Driver
A6NIH7,R152W,LR,RT,Driver
Q8IYT8,A434T,SA,AV,Driver
Q8IYT8,I610L,KI,IP,Driver
Q8IYT8,S756F,NS,SG,Driver
P36537,P77T,YP,PT,Driver
Q8IX04,L155F,DL,LL,Driver
Q9NWZ5,V449M,HV,VI,Driver
Q9NPG3,D207N,DD,DT,Driver
Q5JXB2,R55H,KR,RE,Driver
Q5JXB2,I76V,KI,IY,Driver
Q3ZCM7,H105R,GH,HY,Driver
Q9H313,I67T,LI,IR,Driver
Q5W5X9,A157V,AA,AE,Driver
Q96N46,R137Q,IR,RE,Driver
Q9BXA7,E301K,PE,EP,Driver
O75954,I88V,FI,IV,Driver
Q96PP4,R145C,PR,RM,Driver
Q96PP4,R50Q,LR,RH,Driver
Q9UBN4,E403K,VE,EW,Driver
Q9UBN4,T544M,ET,TK,Driver
Q86UV7,R93Q,HR,RN,Driver
Q8IWR1,E271K,PE,EV,Driver
Q86XT4,P433S,RP,PD,Driver
Q86XT4,R161Q,NR,RT,Driver
Q86XT4,D435Y,DD,DL,Driver
P0CI25,L397H,PL,LM,Driver
Q12899,V500L,TV,VT,Driver
Q12899,A141V,KA,AA,Driver
P36406,M552T,GM,MG,Driver
P19474,R443W,LR,RP,Driver
P19474,A165S,RA,AD,Driver
Q9Y577,G285R,PG,GQ,Driver
Q9Y577,Q169P,EQ,QS,Driver
Q9Y577,Q169H,EQ,QS,Driver
Q9Y577,E168D,EE,EQ,Driver
O60858,T333S,PT,TM,Driver
O60858,T336S,,,Driver
Q9BQ50,V97M,AV,VV,Driver
Q9BQ50,V140M,,,Driver
Q9Y5R8,Q119K,GQ,QT,Driver
O60704,R110C,MR,RQ,Driver
O60507,G297E,VG,GA,Driver
P06753,R69C,,,Driver
P06753,R106C,ER,RL,Driver
P17752,R145Q,RR,RK,Driver
P17752,A300T,GA,AS,Driver
P17752,D116G,LD,DH,Driver
O94826,R193H,RR,RA,Driver
O96008,L265W,TL,LG,Driver
O14787,R244W,VR,RI,Driver
O14787,P438Q,IP,PH,Driver
O95271,A1014T,GA,AA,Driver
O95271,A342G,EA,AA,Driver
O95271,Q1119R,YQ,QS,Driver
Q13470,G128D,FG,GV,Driver
O14788,P296S,NP,PS,Driver
Q07011,G70C,KG,GV,Driver
Q92956,V235I,VV,VK,Driver
Q6ZT21,G433V,YG,GI,Driver
Q9NV96,P284A,HP,PT,Driver
C9JQI7,K167N,AK,KI,Driver
Q8N7C4,H36N,KH,HL,Driver
Q5SNT2,T378M,AT,TG,Driver
Q66K66,N309S,FN,NG,Driver
Q6ZMB5,R250Q,LR,RP,Driver
Q6ZVK1,F60L,RF,FT,Driver
Q8WVE6,Q202K,GQ,QI,Driver
Q9BVK8,A92V,NA,AG,Driver
Q8N3G9,G184R,DG,GT,Driver
A0AVI4,R195W,SR,RQ,Driver
A0PK00,D92N,FD,DM,Driver
A0PK00,V108I,LV,VL,Driver
A0PK00,R216H,FR,RN,Driver
A0PK00,E291A,FE,EL,Driver
Q04726,A477V,HA,AR,Driver
Q04726,C26S,SC,CD,Driver
Q9BSI4,C426Y,LC,CE,Driver
P35625,Q178P,YQ,QS,Driver
Q6NT04,R138Q,NR,RK,Driver
Q6B0B8,D420E,GD,DR,Driver
O15164,R391H,LR,RA,Driver
O15164,R391H,LR,RA,Driver
O15164,R349H,,,Driver
Q92748,D71H,VD,DH,Driver
Q86YJ6,G27E,DG,GG,Driver
Q86YJ6,V101M,NV,VL,Driver
Q86YJ6,L117M,SL,LS,Driver
Q96RS0,D303G,VD,DN,Driver
P49221,T82M,RT,TP,Driver
P49221,I434T,DI,IT,Driver
P61812,H2R,MH,HY,Driver
P0C1Z6,R73H,RR,RQ,Driver
Q03403,R88Q,DR,RR,Driver
Q8IWB9,E575D,LE,EG,Driver
Q96S53,T54M,LT,TR,Driver
Q9UGI8,T95M,LT,TN,Driver
Q9UGI8,R42H,CR,RN,Driver
Q9UGI8,M198R,EM,MD,Driver
Q9UGI8,I399T,LI,IG,Driver
Q02763,R1003C,VR,RW,Driver
Q02763,R842C,AR,RI,Driver
Q02763,Q76K,TQ,QD,Driver
Q02763,S142C,IS,SF,Driver
Q02763,T132N,MT,TV,Driver
Q02763,D77E,QD,DV,Driver
Q02763,T1106M,TT,TL,Driver
P42680,S544N,SS,SK,Driver
O95988,R43C,SR,RR,Driver
Q9BT92,R395Q,NR,RR,Driver
Q9BT92,W166S,SW,WE,Driver
O43680,M25T,KM,MD,Driver
Q9UGU0,A303T,QA,AK,Driver
Q9UGU0,Q179E,QQ,QV,Driver
Q9UGU0,C1904F,GC,CS,Driver
Q16650,N439D,SN,NY,Driver
Q6SJ96,R31W,,,Driver
O60907,V182I,GV,VS,Driver
Q6ZT07,R629H,ER,RM,Driver
Q6ZT07,D135V,ED,DD,Driver
Q9NUY8,P8Q,VP,PP,Driver
P59551,M6T,HM,MV,Driver
P26639,I509M,DI,IE,Driver
Q9HCD6,A1689P,,,Driver
Q9HCD6,G1694S,,,Driver
Q9HCD6,G375S,FG,GK,Driver
Q9HCD6,S849C,LS,SM,Driver
Q9HCD6,I558V,TI,IV,Driver
P17542,A21P,DA,AA,Driver
O75529,R217H,SR,RS,Driver
Q15573,S24T,LS,SG,Driver
Q96C24,R61W,DR,RT,Driver
Q96C24,H85Q,NH,HL,Driver
Q8N9I0,T358I,VT,TV,Driver
Q96PV0,G380E,SG,GG,Driver
Q96PV0,R324W,LR,RL,Driver
O60506,R343H,VR,RN,Driver
P17600,A112P,AA,AS,Driver
Q5VX71,R209H,YR,RC,Driver
O94864,T183P,LT,TD,Driver
O00338,R241H,NR,RS,Driver
O00338,R252H,,,Driver
Q5T5C0,G1112R,RG,GQ,Driver
Q5T5C0,G1076R,,,Driver
Q5T5C0,D341Y,MD,DY,Driver
P32856,E223D,VE,ET,Driver
Q13043,D359E,DD,DT,Driver
Q13043,R115L,IR,RL,Driver
Q9Y2H1,I194V,YI,IS,Driver
Q9BYT3,L507V,AL,LS,Driver
Q9BYT3,A506S,GA,AL,Driver
Q9BYT3,L507R,AL,LS,Driver
Q8N1F8,P130H,,,Driver
Q8N1F8,A730T,,,Driver
P42224,K201M,KK,KM,Driver
O95772,T13N,LT,TG,Driver
Q96FJ0,R50H,RR,RY,Driver
Q96JF0,P53S,LP,PV,Driver
Q96JF0,R77H,AR,RQ,Driver
Q96JF0,M62I,IM,MG,Driver
Q96JF0,R258H,SR,RA,Driver
Q96JF0,R342C,IR,RI,Driver
Q96JF0,V116M,QV,VG,Driver
P35346,L174I,PL,LL,Driver
Q05519,P208R,SP,PS,Driver
Q05519,P148R,,,Driver
P08240,G171R,KG,GA,Driver
P61011,R15C,LR,RS,Driver
P11831,T217I,QT,TC,Driver
Q96BD6,V91I,KV,VG,Driver
P35321,Q23L,KQ,QP,Driver
Q2MJR0,V71I,LV,VY,Driver
Q9Y5K1,I100M,KI,IK,Driver
Q8N0Z3,T713S,MT,TS,Driver
Q8N0Z3,P724T,TP,PG,Driver
Q496A3,N263K,AN,NS,Driver
Q9BWV2,A27V,KA,AI,Driver
Q5MJ10,V81I,PV,VQ,Driver
Q9NS26,A7V,SA,AG,Driver
Q9NS26,G8R,AG,GG,Driver
Q9NS26,G9R,GG,GV,Driver
Q9NS26,D17E,CD,DS,Driver
Q9NS26,K3Q,DK,KQ,Driver
Q9HBV2,K174Q,RK,KE,Driver
Q8WY21,S181C,WS,SG,Driver
Q8WY21,G863D,VG,GI,Driver
Q8WY21,P147Q,DP,PD,Driver
Q9Y343,R75Q,RR,RQ,Driver
P57768,D309V,LD,DE,Driver
Q9Y5W9,P261T,DP,PG,Driver
Q9NSN8,A485T,AA,AK,Driver
Q6IEG0,D217Y,RD,DY,Driver
Q96DI7,A127G,SA,AS,Driver
O60641,A812V,SA,AP,Driver
O60641,S615Y,LS,SV,Driver
O60641,P517R,PP,PV,Driver
O60641,P892R,KP,PP,Driver
Q5SQN1,H141Q,EH,HF,Driver
P60880,E3K,AE,ED,Driver
Q9H7B4,K292N,KK,KI,Driver
Q9H7B4,K233N,,,Driver
A8MU46,T197I,,,Driver
A8MU46,D444H,,,Driver
Q6IN85,A161V,LA,AL,Driver
Q6IN85,L530V,,,Driver
Q6IN85,L543V,VL,LM,Driver
Q8NCS7,K137N,TK,KD,Driver
Q8NCS7,I116T,QI,IC,Driver
Q8NCS7,R635T,QR,RL,Driver
Q8NBW4,I376T,CI,II,Driver
Q495N2,G75S,VG,GP,Driver
Q8WV83,S307R,LS,SI,Driver
A4IF30,L12V,KL,LT,Driver
A4IF30,Q129H,RQ,QN,Driver
Q6ICL7,W255C,LW,WA,Driver
P0CK96,R188W,SR,RM,Driver
Q9H1N7,I141V,RI,IP,Driver
Q6PCB7,A554V,MA,AA,Driver
Q6PCB7,F203L,KF,FC,Driver
Q6PCB7,G197R,LG,GK,Driver
Q8NG04,A48T,LA,AS,Driver
Q8NG04,V63I,PV,VL,Driver
P12236,A19V,AA,AA,Driver
Q02978,R90H,LR,RQ,Driver
Q8TCC7,R149H,GR,RR,Driver
Q8IZD6,R300H,FR,RY,Driver
Q9NSA0,V194I,FV,VI,Driver
Q86YT5,Q273P,LQ,QF,Driver
Q13291,R108W,IR,RE,Driver
Q13309,S291R,LS,SG,Driver
Q13309,S168L,RS,SF,Driver
Q13309,N91D,EN,NF,Driver
Q13309,S135F,ES,SL,Driver
Q9NXA8,P68L,VP,PT,Driver
Q9NXA8,V220I,HV,VV,Driver
Q9NTG7,D172E,YD,DL,Driver
O15266,G93R,EG,GI,Driver
Q8N114,P75S,VP,PE,Driver
Q9H788,E8G,SE,EM,Driver
O14796,T119I,ET,TF,Driver
O14796,H96R,VH,HL,Driver
Q13326,V153I,TV,VD,Driver
Q5T4F7,Q257H,PQ,QL,Driver
Q13435,K672R,GK,KP,Driver
Q86VE9,I104F,FI,IF,Driver
Q8NFY4,G314R,VG,GV,Driver
P16109,R798H,KR,RF,Driver
P16109,S138T,KS,SP,Driver
P16109,L791P,TL,LL,Driver
Q99442,T74N,TT,TR,Driver
Q9H9S3,R262C,FR,RV,Driver
Q9H9S3,A14T,CA,AV,Driver
Q58EX2,P220S,IP,PP,Driver
Q58EX2,R2133Q,SR,RT,Driver
Q58EX2,V668I,AV,VN,Driver
Q86SQ7,E472K,AE,EK,Driver
Q86SQ7,E456Q,GE,EM,Driver
P34741,Q94E,IQ,QN,Driver
Q07699,R45H,KR,RR,Driver
Q8TAC9,L43F,YL,LW,Driver
Q9H0E3,V481I,SV,VP,Driver
Q9Y3Z3,L244F,HL,LI,Driver
Q86SG5,R23C,GR,RD,Driver
Q9HBX9,R236H,TR,RL,Driver
O75298,R60Q,PR,RE,Driver
O76021,T476N,HT,TP,Driver
Q6XPR3,Q630K,YQ,QN,Driver
Q9UBS0,R329Q,FR,RH,Driver
Q9UBS0,L385M,FL,LG,Driver
Q9UBS0,L31F,PL,LA,Driver
P51812,L381H,QL,LF,Driver
P62701,R245H,IR,RL,Driver
P62841,R47P,NR,RG,Driver
P46783,Q61H,EQ,QF,Driver
Q9NS64,V104M,AV,VV,Driver
Q9NQG5,S128P,LS,SM,Driver
P78346,R249Q,PR,RP,Driver
P46778,R108S,KR,RV,Driver
P61313,R44Q,TR,RP,Driver
Q86UA6,S110R,IS,SE,Driver
Q86UA6,G53R,PG,GN,Driver
Q99942,E142K,HE,EP,Driver
Q9H2S5,Q277H,AQ,QG,Driver
Q8NCN4,R441W,ER,RQ,Driver
O15541,R223H,DR,RS,Driver
Q6ZNA4,I43T,PI,IG,Driver
Q9NVN3,L40V,,,Driver
Q9NVN3,L80V,VL,LV,Driver
Q9NPQ8,E102K,SE,EG,Driver
Q8N443,G108R,NG,GR,Driver
Q8TCX5,V344M,LV,VH,Driver
Q8NE09,A520V,YA,AS,Driver
Q8NE09,R592W,KR,RE,Driver
Q8NE09,R837Q,KR,RT,Driver
Q08116,A126G,,,Driver
Q08116,A139G,KA,AF,Driver
Q7Z3J3,A805T,WA,AE,Driver
Q7Z3J3,N957S,KN,NG,Driver
Q7Z3J3,P573L,QP,PA,Driver
Q7Z3J3,V1597M,KV,VE,Driver
Q7Z3J3,S1614P,SS,SD,Driver
Q7Z3J3,N107I,KN,ND,Driver
Q7Z3J3,W1646R,LW,WH,Driver
Q7Z3J3,L124H,KL,LF,Driver
A6NKT7,G931R,PG,GN,Driver
A6NKT7,D1286V,FD,DE,Driver
A6NKT7,T784S,PT,TK,Driver
A6NKT7,E745Q,KE,EM,Driver
Q15493,C262W,TC,CA,Driver
Q9NZL6,L210H,,,Driver
Q9NZL6,Y209S,,,Driver
P40938,N222S,RN,NL,Driver
Q9HD89,G66S,RG,GF,Driver
P48304,E24G,QE,ES,Driver
O95980,S88C,SS,SL,Driver
Q9NYR8,A198V,LA,AQ,Driver
Q9NYR8,A218V,,,Driver
Q9HBD1,A907V,GA,AI,Driver
Q9HBD1,P554S,TP,PV,Driver
O75526,A65V,AA,AA,Driver
O75526,R241H,HR,RD,Driver
P38159,K9N,GK,KL,Driver
P38159,D5E,AD,DR,Driver
Q6ZP01,Q423R,,,Driver
Q6ZP01,V548I,,,Driver
P98179,V10L,FV,VG,Driver
Q96EV2,V963L,GV,VK,Driver
Q96H35,F170C,YF,FK,Driver
Q99708,G331V,FG,GA,Driver
Q99708,A258G,VA,AE,Driver
Q15291,P420S,PP,PD,Driver
O75901,R46C,KR,RT,Driver
O75901,L140F,KL,LW,Driver
O75901,E262K,SE,ES,Driver
O75901,D226H,ND,DG,Driver
Q8NHQ8,S85T,LS,SE,Driver
Q8WWW0,R163C,CR,RS,Driver
P50749,G96R,QG,GT,Driver
Q8N431,P179T,KP,PI,Driver
Q684P5,Y88H,PY,YP,Driver
Q684P5,G479D,LG,GP,Driver
Q86SE5,R216C,GR,RL,Driver
Q86SE5,R151H,PR,RA,Driver
Q86SE5,R158H,KR,RP,Driver
Q15311,S99G,ES,SP,Driver
Q96B01,R56W,LR,RK,Driver
Q9H4I0,I152V,LI,IF,Driver
Q9H4I0,A210T,GA,AA,Driver
P51157,R146G,LR,RF,Driver
Q7L804,R413G,FR,RA,Driver
P83859,A116V,LA,AE,Driver
Q9UJV8,R204W,MR,RG,Driver
P54829,R385H,WR,RM,Driver
Q99952,A317T,DA,AL,Driver
P41222,R111H,,,Driver
P41222,L55V,WL,LR,Driver
Q96NR3,I34T,,,Driver
Q96NR3,I139T,HI,IC,Driver
O00233,D111E,RD,DM,Driver
P07602,R213Q,VR,RT,Driver
P07602,N54S,WN,NK,Driver
Q6UWY2,R211W,RR,RG,Driver
Q9BZD6,P206S,PP,PY,Driver
Q14558,I173T,VI,IV,Driver
P21108,M281V,KM,MK,Driver
P21108,E62K,GE,EI,Driver
Q9NR22,G84V,FG,GI,Driver
Q9NR22,G75V,,,Driver
Q05655,R67C,GR,RV,Driver
P48147,R423Q,FR,RE,Driver
P48147,D242N,SD,DD,Driver
Q96LZ3,D103N,,,Driver
P30154,N551S,FN,NV,Driver
P30154,V174L,AV,VK,Driver
Q96T49,A269V,AA,AA,Driver
Q96T49,A551T,KA,AP,Driver
O60237,L442V,GL,LR,Driver
O60237,R635C,AR,RS,Driver
O60237,G594R,NG,GV,Driver
P36873,Y137F,FY,YD,Driver
P45877,S192L,CS,SI,Driver
Q01860,C198R,MC,CK,Driver
Q16633,V22I,GV,VR,Driver
Q16633,S211P,IS,SI,Driver
A5A3E0,D87N,HD,DD,Driver
A5A3E0,R816H,NR,RE,Driver
A5A3E0,R954W,ER,RF,Driver
A5A3E0,P886T,LP,PD,Driver
A5A3E0,V2G,MV,VV,Driver
A5A3E0,D87E,HD,DD,Driver
A5A3E0,N96K,RN,NK,Driver
A5A3E0,H134Q,YH,HV,Driver
Q9H1D9,E315Q,LE,EF,Driver
P30876,R975H,SR,RM,Driver
P24928,V305A,,,Driver
Q9UBT6,V478L,VV,VS,Driver
Q9HCU8,R66W,TR,RL,Driver
P06746,E153G,RE,EE,Driver
Q8WVV4,K45R,EK,KN,Driver
Q8WVV4,K45Q,EK,KN,Driver
Q8WVV4,S497I,CS,SD,Driver
Q8WVV4,R72W,SR,RE,Driver
Q7Z5L7,R389Q,,,Driver
Q7Z5L7,R408Q,,,Driver
Q7Z6Z6,Q98H,KQ,QQ,Driver
Q9UL41,E198K,PE,EG,Driver
Q9UL41,P369T,LP,PA,Driver
Q9UL41,Q426R,VQ,QC,Driver
Q8TF01,A226T,DA,AV,Driver
Q9Y4D7,P841S,EP,PM,Driver
Q9Y4D7,V763M,PV,VP,Driver
Q9HCM2,T1159M,GT,TP,Driver
Q9HCM2,E1862K,SE,EE,Driver
Q9HCM2,H800Q,VH,HL,Driver
Q9HCM2,V905M,LV,VD,Driver
Q9HCM2,G964R,RG,GP,Driver
Q6ZWE6,T284S,NT,TQ,Driver
Q6ZWE6,H147R,GH,HA,Driver
Q6ZWE6,R487C,KR,RQ,Driver
Q6ZR37,R164W,LR,RH,Driver
Q9UPR0,I399F,,,Driver
P16885,P820S,FP,PS,Driver
P16885,A656T,EA,AE,Driver
P16885,A625T,CA,AE,Driver
P16885,R727Q,YR,RK,Driver
P16885,T26M,GT,TV,Driver
P16885,R792H,CR,RG,Driver
P16885,L1073F,HL,LP,Driver
P16885,E929K,IE,EL,Driver
P16885,R772K,QR,RT,Driver
P16885,R1205K,RR,RR,Driver
P16885,K691N,VK,KH,Driver
P16885,T156I,QT,TR,Driver
P16885,G1069S,LG,GA,Driver
P16885,S16N,KS,SQ,Driver
P16885,R1078G,GR,RS,Driver
P16885,S79F,NS,SK,Driver
P16885,D754A,YD,DV,Driver
O43164,A598S,LA,AV,Driver
Q3MUY2,P52A,IP,PV,Driver
Q969N2,P6Q,MP,PL,Driver
Q07326,I202T,VI,IS,Driver
Q9HB75,R718W,VR,RG,Driver
Q9Y6X2,R295W,IR,RN,Driver
Q9Y6X2,S510N,SS,SL,Driver
O75925,V444L,QV,VA,Driver
P42356,L162V,,,Driver
P42356,A1688G,,,Driver
Q9P1Y6,A645V,SA,AA,Driver
Q9P1Y6,P937S,SP,PP,Driver
Q9P1Y6,C201Y,LC,CD,Driver
Q9P1Y6,V415L,PV,VE,Driver
Q9P1Y6,M1285I,,,Driver
Q9P1Y6,Q1533E,,,Driver
Q9P1Y6,D974V,,,Driver
Q9P1Y6,P568Q,,,Driver
Q53GA4,R35H,DR,RL,Driver
P46020,R1015H,FR,RR,Driver
P46020,K103N,FK,KY,Driver
P46020,I183T,GI,IW,Driver
Q7RTV0,R57H,GR,RC,Driver
Q6IE81,A233S,QA,AC,Driver
Q6IE81,W150R,AW,WL,Driver
O95336,T97M,RT,TH,Driver
Q16877,R351Q,LR,RD,Driver
O60825,Q353E,DQ,QE,Driver
O75192,G223E,IG,GL,Driver
Q15120,D229Y,PD,DK,Driver
Q9BYE7,I185V,NI,IR,Driver
Q9BYE7,I185V,NI,IR,Driver
Q9Y5G3,R62Q,TR,RK,Driver
Q9Y5G3,Q383H,TQ,QE,Driver
Q9Y5G3,P463T,PP,PG,Driver
Q9Y5G8,V371I,SV,VH,Driver
Q9Y5G8,R32H,IR,RY,Driver
Q9Y5G8,E493Q,AE,ED,Driver
Q9Y5G9,R198C,,,Driver
Q9Y5G9,V319I,,,Driver
Q9Y5G9,V743M,,,Driver
Q9Y5G9,G63R,,,Driver
Q9Y5G9,S361F,,,Driver
Q9Y5E7,L674P,LL,LL,Driver
Q9Y5E7,P501T,LP,PL,Driver
Q9H158,S346L,LS,SN,Driver
Q9H158,L452P,EL,LF,Driver
Q9Y5H6,D159N,SD,DA,Driver
Q9Y5H6,R635H,TR,RV,Driver
Q9Y5H6,R502H,ER,RS,Driver
Q9Y5H6,G625V,VG,GL,Driver
Q9Y5H6,G97R,CG,GR,Driver
Q9Y5H6,P358R,LP,PV,Driver
Q9Y5H6,R62C,PR,RL,Driver
Q9UN74,L528V,EL,LE,Driver
Q9UN74,R755G,RR,RP,Driver
Q9UN74,A503T,RA,AL,Driver
Q9UN74,G72R,RG,GG,Driver
Q08174,A277T,NA,AP,Driver
P23759,A441T,QA,AY,Driver
Q8IV76,V419I,HV,VV,Driver
Q8IV76,M1I,,,Driver
Q8IV76,S262Y,DS,SD,Driver
Q6UWI2,N101D,TN,NT,Driver
Q6TCH7,D144N,LD,DY,Driver
Q6TCH7,F84L,FF,FT,Driver
Q5QFB9,S97F,VS,SF,Driver
Q9NRJ5,Q570E,,,Driver
Q6QHF9,L341M,QL,LV,Driver
Q6QHF9,L341R,QL,LV,Driver
Q6QHF9,F331L,PF,FW,Driver
Q6QHF9,V342L,LV,VW,Driver
Q6QHF9,V342E,LV,VW,Driver
Q6QHF9,Q340H,IQ,QL,Driver
Q96RD6,A621T,NA,AT,Driver
P19021,V208L,TV,VI,Driver
Q5JRK9,R37H,KR,RQ,Driver
Q9BRP4,A282T,DA,AF,Driver
O15460,T95I,NT,TD,Driver
Q86VZ1,A328T,SA,AR,Driver
Q86VZ1,T331M,TT,TS,Driver
Q86VZ1,V256M,FV,VL,Driver
Q9BPV8,D288G,TD,DC,Driver
Q9BPV8,D267G,,,Driver
P13725,R93W,RR,RG,Driver
Q9H1P3,G3R,NG,GE,Driver
Q9BXB5,Y142H,VY,YS,Driver
O43913,T169N,NT,TG,Driver
O43913,K263E,KK,KA,Driver
Q9UBD5,Q211L,WQ,QS,Driver
Q9GZM6,T240S,GT,TC,Driver
Q8NGY6,R293C,LR,RN,Driver
A6NIJ9,A74S,TA,AC,Driver
A6NDL8,M34K,YM,ML,Driver
Q8NGW1,V74M,YV,VS,Driver
Q8NH85,R165H,FR,RL,Driver
Q8NHB7,M81I,KM,ML,Driver
Q8NHB7,S171L,GS,SN,Driver
Q8N127,L66V,NL,LS,Driver
Q8NGK4,C99S,AC,CL,Driver
Q8NGB4,A234S,KA,AV,Driver
Q8IXE1,R122C,DR,RY,Driver
Q8N0Y3,V200I,MV,VF,Driver
Q8N0Y3,L14H,IL,LL,Driver
Q8N0Y3,L198I,LL,LM,Driver
Q8NH21,L160P,LL,LF,Driver
O43869,F207S,GF,FL,Driver
O43869,A79V,FA,AI,Driver
Q8NHA4,N84S,TN,NY,Driver
Q8NH94,T141A,KT,TI,Driver
O60431,R131C,QR,RY,Driver
P58170,P210L,TP,PL,Driver
P58170,L185M,LL,LW,Driver
Q8NGY1,V258M,FV,VY,Driver
Q8NHC4,K297N,VK,KD,Driver
Q2M2E3,R61C,QR,RQ,Driver
Q2M2E3,R61H,QR,RQ,Driver
Q3SX64,V250M,TV,VN,Driver
Q6DKJ4,R268Q,NR,RL,Driver
Q9UHK0,D177N,CD,DT,Driver
Q9BSD7,Q43E,RQ,QG,Driver
Q86UY8,R339Q,KR,RR,Driver
Q86UY8,R264Q,,,Driver
Q96P11,R90Q,GR,RW,Driver
Q96P11,R113W,HR,RG,Driver
Q96P11,M1I,,,Driver
Q16656,A383T,VA,AS,Driver
Q16656,V301L,LV,VP,Driver
P13056,V275L,NV,VV,Driver
P13056,H351N,VH,HL,Driver
Q15818,A263T,SA,AT,Driver
Q9Y639,V328F,VV,VT,Driver
Q12980,D111H,TD,DP,Driver
P06748,L136F,LL,LS,Driver
P06748,G224R,KG,GQ,Driver
P06748,A186T,EA,AE,Driver
A6NHN6,R2W,MR,RL,Driver
Q9GZQ6,R402Q,LR,RN,Driver
P78316,A652P,SA,AR,Driver
Q14978,A109P,PA,AK,Driver
Q76FK4,I164M,II,IK,Driver
Q76FK4,D694Y,FD,DK,Driver
Q76FK4,A386V,IA,AM,Driver
Q8WTT2,V600A,GV,VE,Driver
O60551,P80S,QP,PS,Driver
Q7RTP0,D329E,,,Driver
Q9BSH3,H69P,AH,HT,Driver
P55769,R84C,VR,RS,Driver
Q6ZNB6,G425R,CG,GI,Driver
Q12986,Q122P,AQ,QS,Driver
O00712,D125G,AD,DK,Driver
O00712,S269G,SS,SK,Driver
O00712,E67D,PE,EI,Driver
Q12968,R594Q,QR,RS,Driver
Q12968,S750C,CS,SI,Driver
Q12968,P59T,TP,PL,Driver
O94916,H158P,,,Driver
O94916,H252P,,,Driver
Q9H2A3,M125I,RM,MH,Driver
Q9UQ49,R141W,,,Driver
Q99519,D177G,DD,DG,Driver
Q6X4W1,R196H,RR,RK,Driver
Q9NVZ3,M165I,NM,MK,Driver
Q7Z6G3,V360I,HV,VK,Driver
Q16795,F207L,IF,FG,Driver
O00483,Q8H,GQ,QA,Driver
Q92597,C272Y,EC,CN,Driver
O76036,A173V,QA,AE,Driver
O76036,E174D,AE,EF,Driver
Q15788,P869H,LP,PE,Driver
Q15788,S513L,IS,ST,Driver
Q15788,M1209V,GM,MT,Driver
P19338,E283G,KE,EM,Driver
Q9NZQ3,V74L,AV,VH,Driver
Q9NZQ3,D123E,SD,DH,Driver
Q9Y2A7,R223G,,,Driver
Q6ZVX7,R260W,LR,RR,Driver
Q6IBW4,I145V,II,IP,Driver
Q6IBW4,V229M,SV,VC,Driver
Q86XI2,R695G,LR,RS,Driver
Q86XI2,D898Y,GD,DH,Driver
O14594,D1149N,ND,DR,Driver
O14594,G1146D,IG,GL,Driver
O14594,G461R,AG,GT,Driver
Q5VWK0,R515Q,LR,RL,Driver
Q99733,R324H,FR,RE,Driver
Q13075,G201V,CG,GG,Driver
O95544,M8V,KM,MT,Driver
O95544,K7N,EK,KM,Driver
Q02083,L274V,PL,LD,Driver
Q5VVJ2,D671G,ID,DT,Driver
Q5VVJ2,D481N,RD,DR,Driver
Q8TDC0,R44H,LR,RN,Driver
P15172,A175S,AA,AA,Driver
Q13459,P1400S,LP,PD,Driver
Q13459,A1343T,GA,AA,Driver
Q13459,R138H,ER,RG,Driver
Q13459,R1526H,LR,RS,Driver
Q13459,V404A,AV,VL,Driver
Q13459,R11H,GR,RR,Driver
Q13459,R1907C,FR,RR,Driver
Q13459,Q1371R,AQ,QP,Driver
Q13459,G1461V,SG,GQ,Driver
Q9BQG0,I640M,TI,ID,Driver
Q9BQG0,S792R,QS,SL,Driver
P22033,R369H,VR,RT,Driver
Q5H9M0,D371N,DD,DD,Driver
Q5H9M0,S160R,ES,SD,Driver
Q5H9M0,M535L,KM,MS,Driver
O43312,K92N,AK,KL,Driver
O43312,H218Q,TH,HL,Driver
Q96EF0,T483M,,,Driver
Q96EF0,L173W,TL,LG,Driver
Q13615,T583A,PT,TT,Driver
Q13615,P153Q,RP,PG,Driver
O94776,R262Q,CR,RD,Driver
Q13421,R81H,ER,RV,Driver
Q13421,E499K,SE,EY,Driver
Q9HD23,I133L,RI,II,Driver
Q92665,I31M,AI,IM,Driver
Q9NP92,A289G,TA,AD,Driver
Q96GC5,K71R,KK,KK,Driver
Q16540,G75R,HG,GS,Driver
Q96LB0,A41G,VA,AL,Driver
Q96JB8,R99C,LR,RE,Driver
Q96JB8,G49V,NG,GV,Driver
Q96JB8,Q288P,WQ,QA,Driver
Q96JB8,L307P,HL,LL,Driver
Q99549,G629S,NG,GR,Driver
Q99549,Y579C,DY,YI,Driver
Q99549,G634R,NG,GT,Driver
Q99549,V518M,SV,VC,Driver
Q7L1V2,A473T,VA,AE,Driver
Q9ULZ9,G60S,FG,GY,Driver
Q9BVC4,R291C,,,Driver
Q9BVC4,P217A,IP,PA,Driver
P55197,P357T,TP,PG,Driver
P55197,C26W,CC,CV,Driver
Q9NXB0,V332I,YV,VH,Driver
Q9NXB0,E72K,DE,EE,Driver
Q9UHC7,F271I,SF,FA,Driver
Q9UGB7,R268Q,LR,RP,Driver
O60291,R441H,SR,RQ,Driver
O60291,I414M,EI,IT,Driver
O60291,Q309E,YQ,QA,Driver
P16455,A51V,AA,AV,Driver
P16455,A82V,,,Driver
A6NFX1,A463T,GA,AV,Driver
Q9BUE0,K147N,YK,KI,Driver
Q00987,G462E,,,Driver
Q00987,E263K,SE,EE,Driver
Q00987,E210K,,,Driver
Q00987,V94M,,,Driver
Q00987,G183D,,,Driver
Q00987,S235N,,,Driver
Q00987,Y287H,,,Driver
Q00987,E184K,,,Driver
Q00987,R332G,,,Driver
Q9NXL9,C172Y,SC,CP,Driver
Q8NHZ7,G124S,AG,GE,Driver
P56270,C7S,PC,CT,Driver
Q9Y6X3,D447N,PD,DH,Driver
O00339,I16V,QI,IV,Driver
O00339,Q274E,DQ,QT,Driver
P45983,P319L,HP,PY,Driver
P27361,R359W,ER,RL,Driver
P27361,G153S,RG,GL,Driver
Q8NDC0,G36V,PG,GS,Driver
O43318,P198S,AP,PE,Driver
O43318,E40D,EE,EV,Driver
O43318,I65T,QI,IE,Driver
Q9Y2U5,Y277C,EY,YN,Driver
Q9Y2U5,D249E,SD,DY,Driver
P11137,D83H,AD,DR,Driver
P33908,D112H,GD,DP,Driver
Q6UXC1,S57L,AS,SP,Driver
O15479,G24C,RG,GL,Driver
O15479,K143T,GK,KR,Driver
P43359,S110C,LS,SK,Driver
Q8N8X9,R310C,LR,RL,Driver
Q9NQ29,C193Y,VC,CS,Driver
Q9NQ29,E170Q,AE,EE,Driver
Q86VH5,T553M,DT,TM,Driver
Q86UE6,V322M,NV,VC,Driver
